Scrip,Date,LTP,% Change,High,Low,Open,Qty.,Turnover
NABIL,09/10/2025,519.9,1.15,544,514,523.9,"43,284","2,25,72,450.20"
NABIL,08/10/2025,514,-1.34,523,505,523,"78,401","3,99,99,289.50"
NABIL,07/10/2025,521,-1.14,530,512.6,530,"48,977","2,54,50,439.70"
NABIL,28/09/2025,527,1.04,528,521,524,"30,997","1,62,69,472.50"
NABIL,25/09/2025,521.6,-0.08,524.9,516,523,"28,626","1,49,46,270.30"
NABIL,24/09/2025,522,-0.29,528,515,525,"59,254","3,09,32,259.00"
NABIL,23/09/2025,523.5,2.61,525,513,516.9,"55,373","2,87,77,561.90"
NABIL,21/09/2025,510.18,5.63,514,474,474,"1,22,490","6,17,35,387.90"
NABIL,18/09/2025,483,-5.88,502.9,471,502.9,"16,660","80,52,975.00"
NABIL,08/09/2025,513.15,-0.33,515,510,515,"42,962","2,19,64,392.80"
NABIL,07/09/2025,514.87,-0.52,517.8,507.3,507.3,"25,831","1,33,10,474.80"
NABIL,04/09/2025,517.58,-0.44,528,515,528,"40,199","2,07,49,919.00"
NABIL,03/09/2025,519.88,-0.74,529,519,520,"34,096","1,77,40,832.00"
NABIL,02/09/2025,523.75,-0.74,538.2,523.3,538.2,"34,983","1,84,05,010.20"
NABIL,01/09/2025,527.66,1.31,531.2,518,531.2,"42,334","2,22,22,760.80"
NABIL,31/08/2025,520.84,-1.52,536.9,520,535,"66,938","3,52,71,776.50"
NABIL,28/08/2025,528.86,-0.94,538.9,527,532,"83,641","4,45,71,924.60"
NABIL,27/08/2025,533.87,0.85,539.9,526.5,539.9,"64,476","3,41,75,100.60"
NABIL,26/08/2025,529.35,1.3,533,514.5,514.5,"67,932","3,59,00,524.60"
NABIL,25/08/2025,522.58,1.76,525,509,512,"81,167","4,19,35,363.20"
NABIL,24/08/2025,513.56,-0.88,520,513,520,"72,676","3,73,83,957.50"
NABIL,21/08/2025,518.14,-0.13,524.9,517.3,524.9,"38,427","1,99,25,528.20"
NABIL,20/08/2025,518.81,0,521,517,518,"43,704","2,26,66,843.80"
NABIL,19/08/2025,518.81,-0.03,525,518,525,"44,459","2,31,02,548.60"
NABIL,18/08/2025,518.95,-0.43,524,517,520,"48,703","2,53,13,878.10"
NABIL,17/08/2025,521.21,-0.5,528,519,525,"63,880","3,33,27,526.40"
NABIL,14/08/2025,523.82,0.04,526.5,523.1,524.1,"47,263","2,47,78,523.10"
NABIL,13/08/2025,523.63,-0.23,524.9,522,523,"50,014","2,61,91,841.40"
NABIL,12/08/2025,524.86,-0.27,534.5,524.2,530,"79,172","4,17,18,059.20"
NABIL,11/08/2025,526.3,-0.2,534,525,533,"69,423","3,66,44,323.00"
NABIL,07/08/2025,527.36,0.27,534.9,525.6,534.9,"63,502","3,35,10,621.60"
NABIL,06/08/2025,525.93,-0.34,530,523,530,"48,952","2,57,55,132.80"
NABIL,05/08/2025,527.73,-0.05,540,517.5,517.5,"91,553","4,86,40,299.20"
NABIL,04/08/2025,527.97,0.68,532,519,524.4,"1,03,313","5,43,18,530.10"
NABIL,03/08/2025,524.4,-2.25,538,522.5,536,"1,66,184","8,77,71,702.40"
NABIL,31/07/2025,536.48,-1.6,548.2,535,540.1,"1,10,940","5,97,09,752.80"
NABIL,30/07/2025,545.18,-0.61,555,545,550.7,"1,15,662","6,35,22,477.00"
NABIL,29/07/2025,548.55,1.5,552,545,547,"1,42,244","7,80,87,885.10"
NABIL,28/07/2025,540.43,-1.35,547,536,545.5,"1,83,214","9,88,69,241.30"
NABIL,27/07/2025,547.84,-0.04,554,545.1,550,"1,47,629","8,12,20,703.60"
NABIL,24/07/2025,547.6,-0.69,556,547.1,552,"95,913","5,27,52,517.70"
NABIL,23/07/2025,552,-0.47,562,543.6,543.6,"1,32,486","7,31,60,306.90"
NABIL,22/07/2025,554.63,1.73,555.5,545.2,545.2,"1,72,337","9,48,37,467.60"
NABIL,21/07/2025,545.21,-0.83,554,540,550,"1,26,936","6,93,39,704.90"
NABIL,20/07/2025,549.77,0.2,560,548,550,"2,33,008","12,90,64,235.30"
NABIL,17/07/2025,548.66,1.35,554,542.2,545,"1,92,877","10,60,84,134.40"
NABIL,16/07/2025,541.37,2.18,543.6,530,530,"2,60,180","14,04,12,352.70"
NABIL,15/07/2025,529.8,1.45,530,515,524,"1,36,308","7,10,47,008.50"
NABIL,14/07/2025,522.22,-2.53,538,521.1,538,"1,65,976","8,72,88,350.20"
NABIL,13/07/2025,535.77,4.81,537.5,521.3,521.3,"2,70,279","14,35,08,273.30"
NABIL,10/07/2025,511.17,2.44,522,500,503,"2,64,663","13,49,31,549.60"
NABIL,09/07/2025,499.01,0.72,500,495.2,500,"42,721","2,12,58,926.60"
NABIL,08/07/2025,495.46,-0.32,500,493,500,"33,006","1,63,72,932.90"
NABIL,07/07/2025,497.07,-0.76,503,496.3,500,"36,175","1,77,71,706.10"
NABIL,06/07/2025,500.89,0.54,506.8,499.1,506,"64,130","3,21,60,033.70"
NABIL,03/07/2025,498.22,0.66,500,490,491.1,"91,180","4,52,34,332.10"
NABIL,02/07/2025,494.96,0.64,495.8,491,494.5,"55,089","2,72,02,962.40"
NABIL,01/07/2025,491.79,0,496.4,491,496.4,"35,495","1,74,76,977.90"
NABIL,30/06/2025,491.81,0.41,493.1,490.1,490.1,"37,425","1,84,21,945.10"
NABIL,29/06/2025,489.82,0.8,490,482,482,"40,790","1,98,55,309.40"
NABIL,26/06/2025,485.95,-0.06,488.5,485.1,486,"33,097","1,61,01,679.80"
NABIL,25/06/2025,486.24,-0.22,488.9,481,488,"24,807","1,20,47,864.20"
NABIL,24/06/2025,487.3,-0.01,493,483.2,489,"54,280","2,64,44,244.90"
NABIL,23/06/2025,487.35,-0.34,489.9,485,489.9,"30,576","1,48,88,929.00"
NABIL,22/06/2025,488.99,-0.01,493,485,493,"47,834","2,33,46,142.00"
NABIL,19/06/2025,489.04,-0.19,494.8,487,494.8,"78,016","3,81,71,293.10"
NABIL,18/06/2025,489.97,0.2,492,488,490,"44,689","2,18,73,393.40"
NABIL,17/06/2025,488.99,-0.33,492,487.1,490,"36,559","1,78,76,245.80"
NABIL,16/06/2025,490.59,-0.03,497,489,497,"48,455","2,37,92,554.90"
NABIL,15/06/2025,490.73,0.26,495,490,495,"43,276","2,12,56,612.50"
NABIL,12/06/2025,489.44,-0.18,493,488.3,493,"53,316","2,61,26,194.50"
NABIL,11/06/2025,490.34,-0.29,495,490,495,"39,951","1,96,27,959.60"
NABIL,10/06/2025,491.77,0.17,494.9,490,494.9,"38,403","1,88,91,832.90"
NABIL,09/06/2025,490.93,0.26,494.9,489,489.9,"29,647","1,45,85,465.20"
NABIL,08/06/2025,489.65,-0.55,495,489,490,"50,694","2,48,65,295.40"
NABIL,05/06/2025,492.37,0.26,498,489,498,"47,113","2,31,60,435.10"
NABIL,04/06/2025,491.11,-1.27,499,490,499,"48,051","2,36,50,135.00"
NABIL,03/06/2025,497.45,-0.66,505.9,495,505.9,"54,808","2,73,20,373.90"
NABIL,02/06/2025,500.78,0.07,510.4,500.1,510.4,"73,634","3,70,32,517.50"
NABIL,28/05/2025,500.42,0.79,501.9,494,501.9,"66,059","3,29,27,625.30"
NABIL,27/05/2025,496.48,-0.32,498.1,493.6,498,"33,750","1,67,28,470.20"
NABIL,26/05/2025,498.07,0.27,516,496.1,506.6,"87,620","4,39,57,960.70"
NABIL,25/05/2025,496.75,-0.56,510,495,509.5,"1,08,411","5,40,20,885.70"
NABIL,22/05/2025,499.55,1.08,503,494.6,499.5,"71,455","3,56,62,859.30"
NABIL,21/05/2025,494.21,1.24,527,492.5,497.9,"91,325","4,57,23,449.60"
NABIL,20/05/2025,488.16,1.16,489,481,482.6,"43,243","2,09,74,647.60"
NABIL,19/05/2025,482.58,0.43,488,479.9,488,"42,039","2,02,93,353.50"
NABIL,18/05/2025,480.49,-0.34,485,479,483,"37,266","1,79,02,061.60"
NABIL,15/05/2025,482.11,-0.36,486,481.5,485,"47,247","2,28,44,525.90"
NABIL,14/05/2025,483.85,-0.73,490,482,490,"25,028","1,21,22,585.60"
NABIL,13/05/2025,487.41,0.36,493.6,481,488,"65,061","3,15,85,532.70"
NABIL,11/05/2025,485.65,0.62,490,484.5,490,"44,892","2,17,99,860.50"
NABIL,08/05/2025,482.64,-0.14,490,480.5,490,"54,724","2,64,24,061.90"
NABIL,07/05/2025,483.31,1.34,485,474.1,477,"66,388","3,18,28,953.00"
NABIL,06/05/2025,476.94,-0.27,484,475.1,478,"39,968","1,90,59,469.10"
NABIL,05/05/2025,478.25,-0.01,481,477,478,"39,597","1,89,46,454.80"
NABIL,04/05/2025,478.32,0.03,487.4,477,480,"44,594","2,13,78,606.20"
NABIL,30/04/2025,478.18,-0.68,487,478,480,"49,915","2,39,20,163.40"
NABIL,29/04/2025,481.45,0.03,488,480,480,"29,998","1,44,51,570.20"
NABIL,28/04/2025,481.3,-0.76,487.9,480.6,485.3,"45,746","2,20,48,192.70"
NABIL,27/04/2025,485.01,-0.18,490,483.2,490,"50,578","2,45,78,874.70"
NABIL,24/04/2025,485.87,-0.18,489.9,483,483,"30,597","1,48,63,308.90"
NABIL,23/04/2025,486.77,-0.2,488,482,487,"65,014","3,14,91,464.60"
NABIL,22/04/2025,487.76,-0.63,494,485,490,"31,332","1,52,66,150.50"
NABIL,21/04/2025,490.87,-0.25,495,490,494.9,"49,104","2,41,61,003.30"
NABIL,20/04/2025,492.09,-0.46,501.2,490,500,"79,228","3,91,03,117.80"
NABIL,17/04/2025,494.38,1.04,495.6,489,490.8,"54,656","2,69,22,513.40"
NABIL,16/04/2025,489.31,0.28,497,488,497,"43,376","2,12,40,560.50"
NABIL,15/04/2025,487.96,0.2,496,486,496,"62,586","3,05,17,392.00"
NABIL,13/04/2025,486.97,0.21,495.6,484.1,495.6,"44,237","2,15,06,720.90"
NABIL,10/04/2025,485.97,-0.06,492.4,484,491,"30,292","1,47,17,797.10"
NABIL,09/04/2025,486.27,0.33,494,483.2,494,"26,187","1,27,44,525.00"
NABIL,08/04/2025,484.65,-0.48,486,478,485,"38,820","1,87,46,522.30"
NABIL,07/04/2025,486.97,-0.36,497,482,490,"46,130","2,24,22,636.00"
NABIL,03/04/2025,488.73,0.72,494,486.1,491,"42,041","2,06,02,284.70"
NABIL,02/04/2025,485.26,0.14,494.2,484,494.2,"36,189","1,75,75,535.20"
NABIL,01/04/2025,484.56,-0.29,493,483,490,"37,377","1,81,55,530.10"
NABIL,30/03/2025,485.96,0.18,492,484,485,"52,866","2,58,68,427.10"
NABIL,27/03/2025,485.09,0.79,490.9,480,490.9,"38,210","1,85,13,985.20"
NABIL,26/03/2025,481.31,0.25,485,477,485,"49,757","2,39,16,849.50"
NABIL,25/03/2025,480.13,-0.81,485,478,485,"78,144","3,74,94,028.20"
NABIL,24/03/2025,484.03,0.29,486,476.5,484.5,"54,964","2,65,24,696.80"
NABIL,23/03/2025,482.62,-0.96,488,482,488,"48,632","2,35,44,363.10"
NABIL,20/03/2025,487.31,-0.33,490,487,489,"36,716","1,79,08,359.70"
NABIL,19/03/2025,488.9,-0.51,496,487,495,"49,272","2,41,18,449.00"
NABIL,18/03/2025,491.4,0.29,499.8,488,499.8,"28,929","1,42,22,960.90"
NABIL,17/03/2025,490,-0.22,498,486,491.1,"41,530","2,04,17,432.30"
NABIL,16/03/2025,491.1,0.02,494.9,485,494.9,"71,238","3,46,82,594.90"
NABIL,12/03/2025,491,0,494,489,494,"39,132","1,92,04,640.20"
NABIL,11/03/2025,491,0,495,486.1,492,"45,903","2,25,59,000.90"
NABIL,10/03/2025,491,-0.81,500,490,496,"44,625","2,19,79,031.80"
NABIL,09/03/2025,495,-0.62,502,493,498,"53,038","2,63,80,628.30"
NABIL,06/03/2025,498.1,-0.18,502,498.1,502,"76,130","3,80,30,227.30"
NABIL,05/03/2025,499,-1.58,509.5,498.5,509.5,"66,686","3,33,96,397.30"
NABIL,04/03/2025,507,-1.55,520,504,520,"1,16,499","5,92,29,782.70"
NABIL,03/03/2025,515,-0.77,529.2,515,523,"1,10,922","5,77,82,578.40"
NABIL,02/03/2025,519,3.43,519,506,511.8,"1,14,489","5,87,97,746.20"
NABIL,27/02/2025,501.8,2.62,518,498,498.7,"1,23,140","6,18,37,235.80"
NABIL,25/02/2025,489,0,490,488,490,"36,470","1,78,31,334.20"
NABIL,24/02/2025,489,-0.18,495,488.5,490,"63,464","3,11,39,937.70"
NABIL,23/02/2025,489.9,-1.01,495,485.1,485.1,"84,304","4,13,66,659.70"
NABIL,20/02/2025,494.9,-0.22,503.8,486.1,486.1,"44,322","2,19,43,112.10"
NABIL,18/02/2025,496,0.4,500,494,500,"60,431","3,00,12,969.00"
NABIL,17/02/2025,494,1.44,495.9,485.3,487,"70,310","3,45,07,660.80"
NABIL,16/02/2025,487,0.31,488.3,482.9,486.8,"53,350","2,58,59,337.70"
NABIL,13/02/2025,485.5,0.1,490,482.1,488,"40,707","1,97,45,431.70"
NABIL,12/02/2025,485,-0.41,487,482.1,487,"51,961","2,51,63,981.50"
NABIL,11/02/2025,487,-0.61,492,486,492,"29,647","1,44,48,351.10"
NABIL,10/02/2025,490,0.76,490,484,486.5,"51,838","2,52,08,899.60"
NABIL,09/02/2025,486.3,-0.08,495,485,495,"49,012","2,38,79,846.40"
NABIL,06/02/2025,486.7,-0.67,495,486,494,"50,451","2,46,74,687.80"
NABIL,05/02/2025,490,-0.61,493,489.5,491.1,"70,028","3,43,68,058.90"
NABIL,04/02/2025,493,-0.58,500,490,500,"53,987","2,66,37,510.80"
NABIL,03/02/2025,495.9,0.92,503,491.4,492,"1,09,341","5,44,12,930.60"
NABIL,02/02/2025,491.4,3.24,493.4,476.1,479,"1,05,241","5,12,66,050.70"
NABIL,28/01/2025,476,-0.73,481,475,478,"1,08,959","5,19,00,828.70"
NABIL,27/01/2025,479.5,-0.56,483,477.2,481,"62,150","2,97,73,335.50"
NABIL,26/01/2025,482.2,-1.19,492,482.1,492,"54,531","2,64,37,625.30"
NABIL,23/01/2025,488,0.41,492,485.3,490,"51,932","2,53,66,955.60"
NABIL,22/01/2025,486,0.54,488.8,483,483,"62,780","3,04,83,036.60"
NABIL,21/01/2025,483.4,-0.23,489,480.3,484,"50,098","2,41,75,213.00"
NABIL,20/01/2025,484.5,-0.76,495,482.2,490,"82,199","3,99,45,308.90"
NABIL,19/01/2025,488.2,-0.18,497,485,489,"52,392","2,55,18,159.50"
NABIL,16/01/2025,489.1,-0.08,495,487,490,"51,859","2,53,36,426.10"
NABIL,15/01/2025,489.5,0,494,489,492.1,"52,957","2,59,94,163.70"
NABIL,13/01/2025,489.5,-0.22,496,489.5,491,"86,269","4,24,28,502.50"
NABIL,12/01/2025,490.6,-0.99,505.4,490,505.4,"46,984","2,31,32,116.90"
NABIL,09/01/2025,495.5,-0.68,500,494,499,"1,38,476","6,87,74,076.30"
NABIL,08/01/2025,498.9,-0.22,510,497,510,"74,206","3,69,98,891.80"
NABIL,07/01/2025,500,0.2,504,498,499,"64,195","3,20,74,731.10"
NABIL,06/01/2025,499,0,501.5,498,501.5,"1,02,420","5,11,18,470.50"
NABIL,05/01/2025,499,-0.06,504,498,502,"67,379","3,36,40,202.30"
NABIL,02/01/2025,499.3,-0.42,502,499,502,"43,634","2,18,12,724.40"
NABIL,01/01/2025,501.4,-0.12,502.9,500,502,"29,808","1,49,28,274.40"
NABIL,31/12/2024,502,-0.14,512.7,498,512.7,"53,222","2,65,62,216.30"
NABIL,29/12/2024,502.7,0.14,508.9,499,504.1,"64,296","3,23,22,538.00"
NABIL,26/12/2024,502,0.2,511,498,511,"1,27,622","6,41,23,331.60"
NABIL,24/12/2024,501,0,506,499.1,503,"66,517","3,33,91,369.20"
NABIL,23/12/2024,501,-0.38,502.9,498,502.9,"86,473","4,32,72,734.60"
NABIL,22/12/2024,502.9,-1,511,497.9,497.9,"67,080","3,37,61,555.00"
NABIL,19/12/2024,508,-0.74,514,508,512,"73,723","3,76,10,350.00"
NABIL,18/12/2024,511.8,-0.04,520.4,501.8,501.8,"57,475","2,94,70,230.70"
NABIL,17/12/2024,512,-0.18,518,509.1,513,"53,169","2,72,68,731.10"
NABIL,16/12/2024,512.9,-1.37,524,509.7,520,"47,147","2,41,75,344.30"
NABIL,12/12/2024,520,-1.52,538.5,518.3,535,"56,954","2,99,99,645.90"
NABIL,11/12/2024,528,3.92,529.8,506.1,508,"70,328","3,61,46,924.20"
NABIL,10/12/2024,508.1,-0.37,514,505,510,"51,966","2,64,32,713.90"
NABIL,09/12/2024,510,-0.87,516.9,505,505,"54,624","2,79,32,970.60"
NABIL,08/12/2024,514.5,-2,526,513.5,526,"76,545","3,95,66,583.40"
NABIL,05/12/2024,525,-0.94,540.6,523,540.6,"61,452","3,23,05,643.40"
NABIL,04/12/2024,530,-0.38,542.6,530,542.6,"69,630","3,69,64,486.10"
NABIL,03/12/2024,532,-0.37,544.6,530.2,544.6,"62,719","3,33,51,241.10"
NABIL,02/12/2024,534,-0.37,546.7,533,546.7,"80,685","4,31,32,809.20"
NABIL,01/12/2024,536,-0.74,540,534.1,537.3,"79,422","4,26,27,477.80"
NABIL,28/11/2024,540,-1.46,551,539,545,"98,283","5,33,83,609.80"
NABIL,27/11/2024,548,0.55,549.5,544,545,"59,923","3,27,81,668.00"
NABIL,26/11/2024,545,-0.47,556,540,547.6,"96,250","5,23,98,724.40"
NABIL,25/11/2024,547.6,-1.86,569.1,542.7,569.1,"78,417","4,28,26,396.00"
NABIL,24/11/2024,558,0.78,564.7,555,564,"1,09,617","6,11,41,240.40"
NABIL,21/11/2024,553.7,-0.59,565,552.2,565,"56,753","3,14,72,593.90"
NIL,09/10/2025,596,1.36,622,590,599.7,"13,734","83,07,630.00"
NIL,08/10/2025,588,-2.33,605,580.1,605,"14,718","86,48,164.80"
NIL,07/10/2025,602,-2.11,616,600,616,"11,715","70,83,725.70"
NIL,28/09/2025,615,0,620,611,615,"9,483","58,23,653.40"
NIL,25/09/2025,615,0.16,619.8,610.1,619,"6,517","40,08,682.90"
NIL,24/09/2025,614,-2.07,626.8,614,621,"8,858","54,92,327.50"
NIL,23/09/2025,627,3.64,633.9,595.2,595.2,"17,972","1,11,75,840.00"
NIL,21/09/2025,605,-4.57,621.4,580,621.4,"63,302","3,76,33,418.00"
NIL,18/09/2025,634,-5.86,660,634,660,33,"21,310.00"
NIL,08/09/2025,673.46,-1.08,694.4,672,694.4,"5,441","36,73,772.80"
NIL,07/09/2025,680.8,-0.13,695.3,678,683,"8,801","59,97,963.00"
NIL,04/09/2025,681.71,-0.08,685.9,674,674,"6,642","45,12,979.50"
NIL,03/09/2025,682.25,-0.97,691,680,688,"12,090","82,89,421.00"
NIL,02/09/2025,688.96,-0.5,703.5,688.2,690,"8,339","57,61,791.50"
NIL,01/09/2025,692.45,-0.26,700,692,695,"6,650","46,27,043.20"
NIL,31/08/2025,694.26,-1.47,706,694,701,"8,347","58,22,683.50"
NIL,28/08/2025,704.6,-0.9,725,700.1,711,"8,168","57,80,902.80"
NIL,27/08/2025,711,1.46,714,695.2,698,"10,102","71,36,296.60"
NIL,26/08/2025,700.76,0.15,707,699.1,699.69,"7,841","55,09,916.90"
NIL,25/08/2025,699.69,-0.01,702,692,692,"7,234","50,50,664.20"
NIL,24/08/2025,699.73,0.24,711.9,695,695,"6,193","43,27,598.30"
NIL,21/08/2025,698.05,-0.12,705,695,695,"5,131","35,87,772.40"
NIL,20/08/2025,698.89,-1.54,720,698,720,"9,622","67,43,075.10"
NIL,19/08/2025,709.82,1.09,720,709,711,"12,123","86,25,313.40"
NIL,18/08/2025,702.2,-0.86,710,702,703,"15,776","1,11,05,955.20"
NIL,17/08/2025,708.31,0.58,715,690,704.2,"35,317","2,47,33,850.90"
NIL,14/08/2025,704.2,-0.63,709.5,703,709.4,"7,752","54,64,835.40"
NIL,13/08/2025,708.67,-0.11,712,701.4,712,"5,729","40,36,085.30"
NIL,12/08/2025,709.47,-0.57,713,704,706.1,"12,797","90,50,407.40"
NIL,11/08/2025,713.51,-0.64,728,700,720,"23,304","1,65,64,257.50"
NIL,07/08/2025,718.09,0.7,722,713,719,"15,453","1,10,81,072.40"
NIL,06/08/2025,713.08,-0.2,717,708,708,"30,753","2,18,25,644.30"
NIL,05/08/2025,714.53,-1.63,735,713.5,726.1,"33,144","2,37,87,717.30"
NIL,04/08/2025,726.4,-0.28,733.9,715.1,730,"22,303","1,61,76,585.60"
NIL,03/08/2025,728.45,-1.66,743,719.6,736,"44,625","3,26,16,693.90"
NIL,31/07/2025,740.72,-0.7,755,730,750,"40,300","2,97,77,643.10"
NIL,30/07/2025,745.92,-0.11,762,734.1,760,"25,452","1,90,10,613.70"
NIL,29/07/2025,746.77,0.26,765,745,750,"42,728","3,21,48,971.70"
NIL,28/07/2025,744.86,-1.25,754.28,737,754.28,"32,599","2,41,78,447.20"
NIL,27/07/2025,754.28,-1.95,770,751,769.25,"53,733","4,09,71,153.20"
NIL,24/07/2025,765,-0.66,775,761,771,"35,659","2,73,59,398.90"
NIL,23/07/2025,766.6,-0.42,779.9,751.7,771.1,"45,084","3,44,64,483.50"
NIL,22/07/2025,769.84,2.45,783.9,751.4,751.4,"45,273","3,49,16,532.10"
NIL,21/07/2025,751.4,1.57,756,732.2,735,"38,826","2,90,39,922.00"
NIL,20/07/2025,739.75,1.71,748.9,726,730,"60,096","4,44,70,709.10"
NIL,17/07/2025,727.34,2.39,730,715,715,"25,679","1,86,16,042.10"
NIL,16/07/2025,710.36,0.28,719,701.3,719,"16,807","1,19,18,330.80"
NIL,15/07/2025,708.35,1.29,711,697.1,700,"30,211","2,12,49,974.80"
NIL,14/07/2025,699.33,-0.56,715,698.8,702,"23,574","1,65,88,767.60"
NIL,13/07/2025,703.29,0.04,725,702.1,710,"32,826","2,32,38,802.70"
NIL,10/07/2025,703,0.49,706,696.1,699.58,"24,205","1,69,89,938.20"
NIL,09/07/2025,699.58,-0.08,708,695,702,"18,947","1,32,72,255.70"
NIL,08/07/2025,700.14,-0.7,709,696,705,"23,907","1,67,47,049.10"
NIL,07/07/2025,705.06,-0.62,721,702.1,721,"18,837","1,32,74,026.30"
NIL,06/07/2025,709.48,0.15,722,705,705,"44,132","3,15,53,331.50"
NIL,03/07/2025,708.44,1.41,712,695,698.62,"25,090","1,77,63,322.90"
NIL,02/07/2025,698.62,2.06,708,688,695,"23,629","1,64,69,188.00"
NIL,01/07/2025,684.55,1.07,687,681,686,"9,671","66,21,415.80"
NIL,30/06/2025,677.27,1.49,684.9,670.1,678.3,"13,876","94,03,122.80"
NIL,29/06/2025,667.34,0.48,675,665,665,"20,668","1,38,42,128.80"
NIL,26/06/2025,664.12,-0.14,670,663.5,665,"8,969","59,67,247.90"
NIL,25/06/2025,665.03,-0.03,674,665,674,"8,558","56,94,566.00"
NIL,24/06/2025,665.2,-0.51,678,665,668,"17,488","1,16,78,527.40"
NIL,23/06/2025,668.6,-0.83,680,668,670,"12,649","84,83,472.10"
NIL,22/06/2025,674.19,-0.8,681,673,680,"14,368","97,21,642.00"
NIL,19/06/2025,679.62,0.07,683.9,679,679,"17,962","1,22,15,232.30"
NIL,18/06/2025,679.12,-0.47,685,675,675,"21,978","1,49,62,915.50"
NIL,17/06/2025,682.36,0.2,688.5,680.1,680.3,"15,594","1,06,68,076.80"
NIL,16/06/2025,680.97,-0.1,690,676.5,690,"21,014","1,43,65,314.50"
NIL,15/06/2025,681.66,-1.62,690,680,685.2,"31,032","2,12,16,818.90"
NIL,12/06/2025,692.91,0.1,698.9,692,694,"8,967","62,18,202.40"
NIL,11/06/2025,692.2,-1.24,705,690.2,690.2,"11,947","83,15,203.90"
NIL,10/06/2025,700.9,1.31,703.7,690,699,"6,248","43,65,444.00"
NIL,09/06/2025,691.86,-0.45,700,691.1,700,"10,382","71,82,497.00"
NIL,08/06/2025,694.98,-0.15,698,691.1,695,"10,145","70,48,548.60"
NIL,05/06/2025,696.02,-0.42,703,691.2,698,"3,980","27,73,492.20"
NIL,04/06/2025,698.93,-1.38,721.9,697,721.9,"8,956","62,58,457.70"
NIL,03/06/2025,708.69,-0.67,715,707,707,"4,271","30,33,703.50"
NIL,02/06/2025,713.49,0.55,735,710,723.8,"9,826","70,06,432.40"
NIL,28/05/2025,709.62,-0.63,712,703,710,"10,402","73,47,684.40"
NIL,27/05/2025,714.13,-0.48,718,712,717,"4,845","34,69,294.60"
NIL,26/05/2025,717.61,1.33,725,709.1,722.3,"8,589","61,63,665.70"
NIL,25/05/2025,708.18,0.28,714,700,700.6,"6,841","48,40,644.90"
NIL,22/05/2025,706.2,0.07,719,705.5,719,"5,923","41,87,830.00"
NIL,21/05/2025,705.71,0.68,728,702,714.9,"7,100","50,43,983.90"
NIL,20/05/2025,700.91,1.17,705,689,689.1,"10,133","70,30,799.80"
NIL,19/05/2025,692.79,0.34,698.1,691,698,"4,112","28,47,334.30"
NIL,18/05/2025,690.46,-0.4,700,687,700,"16,253","1,12,41,310.20"
NIL,15/05/2025,693.21,-0.62,700,691,700,"9,731","67,37,838.80"
NIL,14/05/2025,697.56,-0.71,704,697.1,700,"6,789","47,46,879.00"
NIL,13/05/2025,702.52,1.73,704.5,693,693,"8,396","58,91,533.30"
NIL,11/05/2025,738.9,-2.97,766,738,764,"27,677","2,07,50,993.20"
NIL,08/05/2025,761.48,1.91,762.6,747.1,749.9,"11,583","87,90,701.00"
NIL,07/05/2025,747.18,1.54,751,730.3,733,"6,675","49,52,706.50"
NIL,06/05/2025,735.82,0.07,740,734.2,736,"4,049","29,78,513.50"
NIL,05/05/2025,735.28,-0.22,744,735,744,"11,429","84,08,732.70"
NIL,04/05/2025,736.93,0.32,746,730,736,"18,334","1,34,55,342.60"
NIL,30/04/2025,734.6,0.1,748.5,733.9,748.5,"3,897","28,65,082.30"
NIL,29/04/2025,733.86,-0.26,745,733.5,745,"7,533","55,47,937.00"
NIL,28/04/2025,735.75,-0.82,748.9,735,742,"4,132","30,52,049.20"
NIL,27/04/2025,741.8,-0.96,751.1,741,750,"6,406","47,77,011.10"
NIL,24/04/2025,748.98,0.88,768,743,757.3,"13,078","97,87,998.10"
NIL,23/04/2025,742.46,-1.3,750,739,750,"3,380","25,11,342.00"
NIL,22/04/2025,752.22,-1.34,764,750,753,"4,476","33,69,564.80"
NIL,21/04/2025,762.41,-0.04,764,751,751.1,"10,255","77,81,007.10"
NIL,20/04/2025,762.69,-0.17,767.6,760,760,"16,798","1,28,23,602.70"
NIL,17/04/2025,764,0.65,770,754.7,770,"7,867","60,01,477.90"
NIL,16/04/2025,759.03,0.51,768,754,768,"4,315","32,66,459.00"
NIL,15/04/2025,755.17,0.59,756,750,755,"3,238","24,42,319.00"
NIL,13/04/2025,750.76,0.88,757,742,757,"4,408","33,05,564.00"
NIL,10/04/2025,744.2,0.42,751,742,742,"4,690","35,00,307.60"
NIL,09/04/2025,741.06,0.06,749.9,737,737,"3,119","23,20,369.00"
NIL,08/04/2025,740.65,-0.77,747,735,747,"5,266","38,81,593.10"
NIL,07/04/2025,746.39,-0.7,766,744.8,766,"7,103","52,95,883.20"
NIL,03/04/2025,751.63,-0.33,772,747.1,769,"7,422","55,89,553.60"
NIL,02/04/2025,754.13,0.88,759.8,742,742,"5,122","38,61,487.80"
NIL,01/04/2025,747.52,-1.24,756,745.6,753,"6,947","52,07,944.90"
NIL,30/03/2025,756.94,1.03,765,752,754.9,"7,090","53,84,070.10"
NIL,27/03/2025,749.26,-0.09,763,748,762.9,"12,429","93,38,489.20"
NIL,26/03/2025,749.93,0.33,760,740,760,"6,126","45,82,175.80"
NIL,25/03/2025,747.5,-1.86,758,745,758,"5,937","44,53,647.50"
NIL,24/03/2025,761.7,0.41,763.9,748.2,750.1,"5,373","40,80,581.90"
NIL,23/03/2025,758.62,-1.67,772,758,772,"7,217","54,97,632.00"
NIL,20/03/2025,771.51,-0.32,780,765.1,775,"6,519","50,33,430.50"
NIL,19/03/2025,774,-0.45,777,772.1,775,"4,672","36,19,835.90"
NIL,18/03/2025,777.5,0.71,780,772,773,"2,691","20,82,785.40"
NIL,17/03/2025,772,0.26,778,766,770,"3,699","28,56,670.60"
NIL,16/03/2025,770,-0.65,789,760.1,789,"9,864","75,54,682.70"
NIL,12/03/2025,775,-0.26,780,768.5,777,"9,008","69,51,109.90"
NIL,11/03/2025,777,-1.89,800,777,791.8,"5,368","42,16,186.30"
NIL,10/03/2025,792,0,801.9,785,793,"18,562","1,47,62,551.20"
NIL,09/03/2025,792,-0.03,808,780,780,"17,237","1,36,78,865.80"
NIL,06/03/2025,792.2,-0.85,808,789,808,"13,084","1,04,01,231.50"
NIL,05/03/2025,799,-0.25,803,790.1,791,"5,173","41,13,077.60"
NIL,04/03/2025,801,-0.5,819,795,805,"20,852","1,68,21,605.30"
NIL,03/03/2025,805,0,831.3,805,806,"26,168","2,12,57,917.70"
NIL,02/03/2025,805,2.78,805,790,790,"17,581","1,40,41,031.90"
NIL,27/02/2025,783.2,0.41,795.6,780,795.6,"11,628","91,41,532.50"
NIL,25/02/2025,780,-0.89,790,778,787,"14,915","1,16,42,117.90"
NIL,24/02/2025,787,0.32,800.1,783,800.1,"13,169","1,03,96,974.90"
NIL,23/02/2025,784.5,0.06,785,775,782,"10,818","84,54,594.50"
NIL,20/02/2025,784,0.51,784,775,780,"17,778","1,38,70,486.70"
NIL,18/02/2025,780,0.24,789,778,789,"6,871","53,66,564.20"
NIL,17/02/2025,778.1,0.01,789,778,781,"8,465","66,05,911.40"
NIL,16/02/2025,778,-0.03,780,765,780,"12,748","98,84,691.00"
NIL,13/02/2025,778.2,-0.23,785,775,782,"4,656","36,28,468.20"
NIL,12/02/2025,780,0.37,790,777,790,"6,433","50,18,691.80"
NIL,11/02/2025,777.1,-0.37,785,775.1,781,"6,035","46,97,031.00"
NIL,10/02/2025,780,0.35,785,775,778,"7,629","59,34,894.60"
NIL,09/02/2025,777.3,-1.61,794,777.1,789,"12,777","1,00,13,696.40"
NIL,06/02/2025,790,-0.13,797,778.8,791,"14,646","1,15,18,269.10"
NIL,05/02/2025,791,-0.64,800,790,796,"7,859","62,38,510.50"
NIL,04/02/2025,796.1,-0.8,807,795.2,807,"13,121","1,04,80,172.30"
NIL,03/02/2025,802.5,0.19,809.9,797.1,801,"12,387","99,26,598.00"
NIL,02/02/2025,801,3.87,830,786.5,786.5,"27,590","2,20,76,699.70"
NIL,28/01/2025,938.9,-0.31,948.7,930.3,948.7,"66,995","6,27,79,577.10"
NIL,27/01/2025,941.8,-0.33,957,938.2,957,"24,557","2,30,98,880.90"
NIL,26/01/2025,944.9,0.43,946.9,938,941,"23,474","2,20,77,383.30"
NIL,23/01/2025,940.9,-0.21,943.9,936.5,942,"23,692","2,22,66,547.20"
NIL,22/01/2025,942.9,-0.01,950,939.1,950,"26,457","2,49,57,727.00"
NIL,21/01/2025,943,0.64,950,937,949,"21,921","2,06,48,155.10"
NIL,20/01/2025,937,1.72,953.7,926.2,926.2,"31,742","2,99,14,555.00"
NIL,19/01/2025,921.2,-0.09,928.2,918.1,927,"7,899","72,93,014.40"
NIL,16/01/2025,922,-0.32,928,914,928,"7,144","65,75,240.40"
NIL,15/01/2025,925,1.43,925,896,896,"8,073","73,80,630.80"
NIL,13/01/2025,912,-2.56,935,891,935,"54,677","5,00,19,414.80"
NIL,12/01/2025,936,-0.39,950,925.5,938,"9,259","86,46,583.70"
NIL,09/01/2025,939.7,0.18,940,923,938,"13,883","1,29,98,084.50"
NIL,08/01/2025,938,-0.21,943.9,924,924,"16,813","1,56,32,448.10"
NIL,07/01/2025,940,0.02,942,930.2,935,"12,492","1,16,79,430.10"
NIL,06/01/2025,939.8,1.06,941,920,929,"17,767","1,65,92,140.60"
NIL,05/01/2025,929.9,1.41,930,920,928,"14,579","1,34,96,737.40"
NIL,02/01/2025,917,0.04,925,907.1,907.1,"5,157","47,16,332.90"
NIL,01/01/2025,916.6,-0.15,927.7,916.1,927.7,"3,423","31,52,242.10"
NIL,31/12/2024,918,-0.86,921,909.2,910,"7,764","71,00,791.60"
NIL,29/12/2024,926,0.11,937,924.1,937,"6,922","64,25,487.10"
NIL,26/12/2024,925,0.54,975,921.2,938.4,"14,021","1,30,68,166.00"
NIL,24/12/2024,920,0.54,925,910.2,913,"13,691","1,25,70,087.20"
NIL,23/12/2024,915.1,0.57,921.6,903.2,905,"7,153","65,17,639.30"
NIL,22/12/2024,909.9,0.21,912.5,902.6,908,"7,151","64,98,182.90"
NIL,19/12/2024,908,-0.25,920,907,907,"7,748","70,49,586.20"
NIL,18/12/2024,910.3,-0.52,921,908,920,"8,622","78,73,717.80"
NIL,17/12/2024,915.1,0.23,920,905.1,907.3,"6,129","56,03,828.80"
NIL,16/12/2024,913,-1.83,932,905.6,925,"14,875","1,35,88,254.00"
NIL,12/12/2024,930,-1.06,949,930,940,"12,881","1,20,68,263.90"
NIL,11/12/2024,940,1.14,940,923,939,"2,278","21,20,972.10"
NIL,10/12/2024,929.4,0.58,935,917,917,"4,644","43,14,917.00"
NIL,09/12/2024,924,-0.66,943,923.4,932,"6,733","62,42,819.30"
NIL,08/12/2024,930.1,-1.58,950,928,930.1,"12,117","1,13,17,019.30"
NIL,05/12/2024,945,-0.63,966,945,950,"11,928","1,13,44,984.50"
NIL,04/12/2024,951,-1.39,969.9,951,957.1,"35,335","3,39,58,064.10"
NIL,03/12/2024,964.4,-1.59,999,955,999,"11,689","1,13,05,930.20"
NIL,02/12/2024,980,0.01,990,975,980,"34,287","3,37,10,992.20"
NIL,01/12/2024,979.9,2.5,995.5,943,956,"63,960","6,25,42,895.20"
NIL,28/11/2024,956,2.8,974,925,925.1,"40,639","3,86,97,616.70"
NIL,27/11/2024,930,1.2,935,921,935,"12,074","1,11,99,828.30"
NIL,26/11/2024,919,0.44,932.9,906.1,915,"8,051","73,90,887.20"
NIL,25/11/2024,915,0.33,920,906.2,906.2,"3,575","32,67,747.80"
NIL,24/11/2024,912,-0.33,925,908,915,"5,113","46,60,700.00"
NIL,21/11/2024,915,-0.6,934,915,934,"9,756","89,75,235.80"
SANIMA,09/10/2025,326,1.88,338,322.7,326,"1,17,343","3,83,06,979.60"
SANIMA,08/10/2025,320,-1.84,325,316,323.1,"98,435","3,13,98,109.30"
SANIMA,07/10/2025,326,-2.69,338.9,320.5,338.9,"1,19,718","3,91,96,539.00"
SANIMA,28/09/2025,335,0.63,335,331,335,"57,946","1,93,41,918.10"
SANIMA,25/09/2025,332.9,-0.63,336,331.7,334,"39,197","1,30,50,145.20"
SANIMA,24/09/2025,335,-2.33,345,335,343,"1,07,375","3,64,09,469.30"
SANIMA,23/09/2025,343,1.68,343.5,330.6,334,"1,50,053","5,05,70,644.00"
SANIMA,21/09/2025,337.34,-3.31,342,323,342,"4,87,319","16,25,38,201.00"
SANIMA,18/09/2025,348.9,-4.45,361,343.8,361,"24,501","84,75,397.20"
SANIMA,08/09/2025,365.16,-1.22,369.9,362.5,366.2,"1,39,554","5,09,42,641.30"
SANIMA,07/09/2025,369.68,-0.6,372.9,365.5,371,"1,84,605","6,83,16,842.40"
SANIMA,04/09/2025,371.92,-0.3,380,367.7,380,"2,79,406","10,37,17,946.30"
SANIMA,03/09/2025,373.05,-0.18,381.1,371,381.1,"1,66,978","6,25,67,079.90"
SANIMA,02/09/2025,373.72,0.38,379.7,371.5,379.7,"1,21,644","4,54,64,892.80"
SANIMA,01/09/2025,372.3,1.7,373.9,362.2,373,"3,67,222","13,57,62,741.70"
SANIMA,31/08/2025,366.06,-0.85,373.9,364,373.9,"1,34,049","4,90,66,989.00"
SANIMA,28/08/2025,369.2,-0.55,373,365,369.9,"1,24,976","4,62,03,242.90"
SANIMA,27/08/2025,371.23,0.83,375.5,365,375.5,"1,15,913","4,28,39,498.10"
SANIMA,26/08/2025,368.17,0.94,369,364,366.9,"64,179","2,35,86,234.00"
SANIMA,25/08/2025,364.75,-0.18,367,360,366.9,"94,624","3,43,92,896.20"
SANIMA,24/08/2025,365.39,-0.56,370,364,366,"1,68,753","6,18,11,394.70"
SANIMA,21/08/2025,367.43,0.08,370,365,367.1,"1,25,269","4,59,64,175.80"
SANIMA,20/08/2025,367.12,-0.41,372,365,365,"1,15,928","4,25,29,418.40"
SANIMA,19/08/2025,368.62,0.74,372,367,369.1,"88,465","3,26,33,288.30"
SANIMA,18/08/2025,365.9,-0.05,369.7,364.9,367,"1,14,410","4,18,77,225.60"
SANIMA,17/08/2025,366.09,-0.47,373,365,370,"1,25,549","4,62,77,410.60"
SANIMA,14/08/2025,367.83,-0.2,372,365.2,368.1,"88,505","3,26,16,919.50"
SANIMA,13/08/2025,368.57,-0.16,385,366,369.1,"1,53,105","5,66,41,643.10"
SANIMA,12/08/2025,369.16,-0.68,372.5,368.3,371.6,"1,39,371","5,15,69,420.40"
SANIMA,11/08/2025,371.67,0.57,380,371,376.9,"3,51,117","13,10,81,251.60"
SANIMA,07/08/2025,369.57,1.3,371,366.1,368,"1,35,292","4,99,59,109.50"
SANIMA,06/08/2025,364.84,-0.53,370,363,366.8,"1,24,227","4,53,46,815.20"
SANIMA,05/08/2025,366.8,-0.49,378,365.2,375,"1,68,642","6,24,04,680.50"
SANIMA,04/08/2025,368.62,0.26,376,361.1,361.1,"2,91,347","10,67,68,142.60"
SANIMA,03/08/2025,367.67,-2.01,382.6,363.1,382.6,"2,81,339","10,37,35,921.90"
SANIMA,31/07/2025,375.2,-2.26,384,374,380.1,"2,99,881","11,34,15,148.70"
SANIMA,30/07/2025,383.86,-1.39,391,382,391,"3,37,152","13,00,56,193.10"
SANIMA,29/07/2025,389.28,2.55,390.9,380,380,"7,21,481","27,98,60,826.60"
SANIMA,28/07/2025,379.61,-0.5,383,371.3,380,"2,47,302","9,31,33,053.50"
SANIMA,27/07/2025,381.53,0.73,386.3,379,386.3,"3,66,520","14,00,85,964.20"
SANIMA,24/07/2025,379,0.79,380,373,378,"3,72,020","14,03,66,285.20"
SANIMA,23/07/2025,376,-0.58,381,372,379.6,"4,67,323","17,55,46,873.60"
SANIMA,22/07/2025,378.21,2.64,380,369,370,"4,53,292","16,98,64,064.10"
SANIMA,21/07/2025,368.48,0.92,371.2,361,368.1,"2,36,215","8,69,70,945.10"
SANIMA,20/07/2025,365.11,-2.47,381,362,381,"6,06,857","22,68,11,648.90"
SANIMA,17/07/2025,374.37,-0.11,380,372,377,"6,99,852","26,26,65,453.50"
SANIMA,16/07/2025,374.77,2.7,379,364,364,"7,78,295","29,08,64,161.30"
SANIMA,15/07/2025,364.91,2.43,368,355.3,358.9,"5,45,695","19,73,89,578.00"
SANIMA,14/07/2025,356.27,-2.26,367.8,355.2,365,"6,91,096","24,75,06,407.80"
SANIMA,13/07/2025,364.49,1.78,372,361,365.2,"6,88,601","25,18,32,642.60"
SANIMA,10/07/2025,358.11,4.8,362.7,340,345,"7,47,527","26,34,98,456.60"
SANIMA,09/07/2025,341.71,2.03,343.5,334.1,339,"2,52,008","8,54,36,903.10"
SANIMA,08/07/2025,334.92,-1.23,343,334.3,340,"1,86,306","6,26,80,293.90"
SANIMA,07/07/2025,339.1,-0.1,344,336,339,"3,10,871","10,47,96,535.00"
SANIMA,06/07/2025,339.43,0.5,342,335,339.8,"3,33,919","11,32,09,205.30"
SANIMA,03/07/2025,337.75,-0.52,340.1,333.2,339,"2,51,083","8,46,63,617.70"
SANIMA,02/07/2025,339.53,1.66,342,329.1,338,"2,49,688","8,35,21,174.30"
SANIMA,01/07/2025,334,3.13,335,322,322.1,"2,76,887","9,09,86,839.50"
SANIMA,30/06/2025,323.87,0.51,328.6,320,328.6,"1,77,081","5,70,96,640.70"
SANIMA,29/06/2025,322.24,1.39,324.3,315.5,319.9,"1,45,817","4,66,79,361.20"
SANIMA,26/06/2025,317.81,0.93,318.8,314,314.5,"70,007","2,21,85,236.30"
SANIMA,25/06/2025,314.87,-0.1,319.9,314,319.9,"61,365","1,93,47,744.60"
SANIMA,24/06/2025,315.2,0.96,318.4,313,318.4,"78,069","2,45,50,988.20"
SANIMA,23/06/2025,312.2,-0.59,314.5,311,313,"63,573","1,98,41,617.40"
SANIMA,22/06/2025,314.05,-0.47,317,312,316,"90,379","2,83,95,160.50"
SANIMA,19/06/2025,315.52,-0.62,317.9,315.1,315.2,"72,985","2,30,92,424.10"
SANIMA,18/06/2025,317.5,0.57,318.1,315,316,"74,698","2,36,78,824.10"
SANIMA,17/06/2025,315.7,-0.35,319.9,315,319.9,"31,074","98,20,987.90"
SANIMA,16/06/2025,316.81,0.53,319,313,315,"91,828","2,90,21,166.30"
SANIMA,15/06/2025,315.15,-0.3,321.9,315,321.9,"50,935","1,61,14,434.80"
SANIMA,12/06/2025,316.11,-0.4,320,315,319,"59,034","1,86,77,007.00"
SANIMA,11/06/2025,317.39,-0.66,324,315,318,"73,912","2,36,18,982.80"
SANIMA,10/06/2025,319.5,2.56,321.9,311.5,317,"80,971","2,56,37,637.80"
SANIMA,09/06/2025,311.53,0.38,314.9,309,310,"50,600","1,57,36,210.60"
SANIMA,08/06/2025,310.35,-0.89,315,310,310,"53,426","1,66,43,150.70"
SANIMA,05/06/2025,313.15,-0.24,317,312,317,"42,569","1,33,69,876.30"
SANIMA,04/06/2025,313.91,-0.54,316,312.4,315.5,"67,800","2,12,73,075.60"
SANIMA,03/06/2025,315.6,-2.27,324,314.9,324,"2,41,564","7,70,89,380.50"
SANIMA,02/06/2025,322.94,-0.18,332,320.5,329.9,"1,55,647","5,06,76,360.40"
SANIMA,28/05/2025,323.52,0.99,325.9,318,320,"1,76,948","5,69,76,704.70"
SANIMA,27/05/2025,320.36,-0.58,322,317.7,318,"75,832","2,42,76,305.40"
SANIMA,26/05/2025,322.24,0.1,336.6,319.1,328,"2,33,558","7,58,10,989.70"
SANIMA,25/05/2025,321.93,-0.27,328,319,324,"2,12,212","6,83,19,191.30"
SANIMA,22/05/2025,322.79,3.06,327,314,317.7,"2,14,988","6,91,48,518.20"
SANIMA,21/05/2025,313.22,0.3,331,312.7,318,"1,74,529","5,56,47,580.40"
SANIMA,20/05/2025,312.27,1.74,315,305,308,"72,557","2,25,32,612.30"
SANIMA,19/05/2025,306.93,0.61,308,304.5,307,"94,844","2,90,77,363.90"
SANIMA,18/05/2025,305.06,-0.07,310,304.5,305.28,"51,355","1,56,98,168.40"
SANIMA,15/05/2025,305.28,-0.07,306,302.5,303,"35,608","1,08,64,067.80"
SANIMA,14/05/2025,305.5,-0.6,307,304.5,306,"31,542","96,27,219.60"
SANIMA,13/05/2025,307.34,-0.13,312,306,312,"36,313","1,11,49,580.80"
SANIMA,11/05/2025,307.75,0.55,310,306.1,306.1,"44,591","1,37,25,004.50"
SANIMA,08/05/2025,306.06,-0.41,311,305,307,"64,704","1,98,67,843.20"
SANIMA,07/05/2025,307.33,2.05,310,299.7,307,"65,397","1,99,56,745.30"
SANIMA,06/05/2025,301.17,0.23,302,300,302,"50,795","1,52,96,187.10"
SANIMA,05/05/2025,300.48,-0.7,305.8,300,303,"64,221","1,93,74,072.90"
SANIMA,04/05/2025,302.59,0.79,307,301,301,"1,19,322","3,60,27,487.30"
SANIMA,30/04/2025,300.22,-0.9,305,299.5,300,"73,493","2,21,00,288.50"
SANIMA,29/04/2025,302.95,-0.67,308,302,305,"71,644","2,17,67,339.50"
SANIMA,28/04/2025,304.99,-0.48,307.5,304,304,"65,185","1,99,38,017.60"
SANIMA,27/04/2025,306.45,-0.14,314,305.8,308.6,"83,669","2,57,85,020.70"
SANIMA,24/04/2025,306.89,-0.78,310.5,306.2,310.5,"36,881","1,13,39,061.30"
SANIMA,23/04/2025,309.29,-0.93,312.4,308.1,310,"62,979","1,94,96,040.50"
SANIMA,22/04/2025,312.19,0.09,313,307.5,310,"1,06,834","3,31,68,731.50"
SANIMA,21/04/2025,311.91,0.77,315.7,305,315.7,"79,029","2,45,01,253.50"
SANIMA,20/04/2025,309.54,1.08,313,307,310,"1,13,708","3,52,33,967.30"
SANIMA,17/04/2025,306.23,0.83,310,301,307.5,"67,985","2,08,27,383.70"
SANIMA,16/04/2025,303.72,0.19,309,300,309,"70,491","2,14,22,016.50"
SANIMA,15/04/2025,303.14,0.74,306,300,306,"34,972","1,06,45,823.80"
SANIMA,13/04/2025,300.9,0.73,304.6,298,304.6,"55,598","1,66,27,176.10"
SANIMA,10/04/2025,298.72,-0.11,305,298,304.9,"39,031","1,16,89,233.00"
SANIMA,09/04/2025,299.05,-0.23,307.8,298,305,"41,431","1,24,02,093.70"
SANIMA,08/04/2025,299.74,-0.07,301,297.4,299.4,"30,326","90,63,249.40"
SANIMA,07/04/2025,299.96,-0.92,303,299.2,301,"49,490","1,48,77,101.80"
SANIMA,03/04/2025,302.75,0.98,308,295,300,"82,831","2,50,51,193.20"
SANIMA,02/04/2025,299.8,0.2,305.1,298,305.1,"42,612","1,27,46,990.40"
SANIMA,01/04/2025,299.21,-0.96,306,297.7,300,"47,261","1,42,22,401.40"
SANIMA,30/03/2025,302.11,0.4,307,301,305,"68,603","2,08,32,019.50"
SANIMA,27/03/2025,300.92,0.36,305.8,299.1,305.8,"35,512","1,06,88,481.90"
SANIMA,26/03/2025,299.84,1.42,300.1,295,295,"48,219","1,44,11,429.00"
SANIMA,25/03/2025,295.64,-1.39,299,294.3,297,"54,652","1,61,95,505.70"
SANIMA,24/03/2025,299.8,0.53,304,297,303.9,"33,861","1,01,51,333.00"
SANIMA,23/03/2025,298.22,-1.27,307.8,297.1,307.8,"69,542","2,08,46,131.30"
SANIMA,20/03/2025,302.05,-0.05,306,301,303,"47,430","1,43,41,143.20"
SANIMA,19/03/2025,302.2,-0.43,306.8,302.2,303.9,"41,091","1,24,93,597.00"
SANIMA,18/03/2025,303.5,-0.49,311.1,303,311.1,"29,742","90,61,064.50"
SANIMA,17/03/2025,305,0.33,308,301.2,301.2,"25,458","77,80,278.90"
SANIMA,16/03/2025,304,-0.98,310,301,305.7,"69,086","2,10,41,436.60"
SANIMA,12/03/2025,307,0.03,310,305,307.1,"40,434","1,23,85,163.00"
SANIMA,11/03/2025,306.9,-0.36,312,305,312,"68,977","2,12,09,676.60"
SANIMA,10/03/2025,308,-0.48,312,307.2,311.8,"73,489","2,27,38,893.60"
SANIMA,09/03/2025,309.5,0.06,313,307,309,"70,173","2,17,30,913.90"
SANIMA,06/03/2025,309.3,-0.03,312.5,307.2,310,"94,166","2,91,37,816.20"
SANIMA,05/03/2025,309.4,-1.84,316.9,309.2,315,"71,733","2,23,40,619.00"
SANIMA,04/03/2025,315.2,-0.94,324,314,324,"1,33,010","4,19,61,273.90"
SANIMA,03/03/2025,318.2,-1.43,329.2,318,329.2,"1,39,589","4,49,16,147.30"
SANIMA,02/03/2025,322.8,1.67,325,318,323.8,"1,69,981","5,44,96,581.80"
SANIMA,27/02/2025,317.5,3.42,323,311,313.1,"2,30,178","7,27,28,739.50"
SANIMA,25/02/2025,307,0.49,311,305.2,311,"71,756","2,19,99,816.00"
SANIMA,24/02/2025,305.5,0.49,312,304,306,"70,744","2,16,94,772.90"
SANIMA,23/02/2025,304,-0.65,308,298,299.9,"1,44,013","4,38,89,284.10"
SANIMA,20/02/2025,306,0.33,311,300.1,306.2,"1,21,664","3,72,57,000.00"
SANIMA,18/02/2025,305,0.56,309,302.2,309,"1,25,867","3,85,04,499.80"
SANIMA,17/02/2025,303.3,2.12,304,294.1,302.9,"1,37,788","4,13,41,714.80"
SANIMA,16/02/2025,297,1.33,298,293,295,"67,686","1,99,92,271.00"
SANIMA,13/02/2025,293.1,0.9,296.3,290,296.3,"29,949","87,52,280.10"
SANIMA,12/02/2025,290.5,0.1,299,290.1,296,"56,156","1,64,15,724.80"
SANIMA,11/02/2025,290.2,0.03,294.9,285,285,"65,129","1,89,79,035.70"
SANIMA,10/02/2025,290.1,-0.96,297.9,290.1,293,"69,863","2,04,87,586.50"
SANIMA,09/02/2025,292.9,-0.71,300,292.1,300,"63,785","1,87,74,358.70"
SANIMA,06/02/2025,295,-1.67,303,294.2,303,"47,712","1,41,45,184.90"
SANIMA,05/02/2025,300,1.04,300,294.4,296,"48,269","1,43,50,437.20"
SANIMA,04/02/2025,296.9,-0.64,304,295.1,304,"87,887","2,63,22,446.30"
SANIMA,03/02/2025,298.8,0.1,304.9,292.6,292.6,"75,074","2,25,89,653.30"
SANIMA,02/02/2025,298.5,2.54,301,294,294,"61,381","1,83,20,634.90"
SANIMA,28/01/2025,291.1,-0.51,295,291.1,293.1,"63,824","1,86,62,588.10"
SANIMA,27/01/2025,292.6,-0.2,298,292.1,298,"60,205","1,76,30,171.60"
SANIMA,26/01/2025,293.2,-1.94,299,293.1,294,"62,843","1,85,07,693.10"
SANIMA,23/01/2025,299,0.34,303.9,293.5,303.9,"61,456","1,82,72,735.20"
SANIMA,22/01/2025,298,1.71,302,292,298.7,"1,14,454","3,40,48,996.20"
SANIMA,21/01/2025,293,0,298,292,292.1,"52,970","1,55,52,164.70"
SANIMA,20/01/2025,293,-2.27,302,292.1,299.8,"28,373","84,06,652.90"
SANIMA,19/01/2025,299.8,2.85,300.9,293.5,295,"1,09,119","3,24,94,432.80"
SANIMA,16/01/2025,291.5,0.52,294,288,290,"52,439","1,52,58,253.70"
SANIMA,15/01/2025,290,-0.48,297,290,293,"37,012","1,07,90,528.60"
SANIMA,13/01/2025,291.4,-0.44,294.8,291.2,292.7,"43,380","1,26,57,722.00"
SANIMA,12/01/2025,292.7,-0.61,297,292.2,297,"18,665","54,74,734.60"
SANIMA,09/01/2025,294.5,-0.51,298.9,292.3,295,"63,592","1,87,22,126.80"
SANIMA,08/01/2025,296,-0.34,300,294.1,299,"48,776","1,44,50,188.20"
SANIMA,07/01/2025,297,-1.66,303,295.1,303,"43,497","1,29,26,655.90"
SANIMA,06/01/2025,302,1.79,302,295,296,"44,537","1,33,30,930.60"
SANIMA,05/01/2025,296.7,-0.77,301.9,295.9,301.9,"37,798","1,12,28,881.40"
SANIMA,02/01/2025,299,0.37,300,294,300,"36,139","1,07,38,783.80"
SANIMA,01/01/2025,297.9,-0.67,304.5,296,304.5,"48,546","1,44,36,250.70"
SANIMA,31/12/2024,299.9,-0.73,302,296,302,"46,404","1,38,23,632.40"
SANIMA,29/12/2024,302.1,-1.6,309,302,309,"49,463","1,50,71,068.30"
SANIMA,26/12/2024,307,1.99,315,296.6,300,"70,976","2,17,62,116.30"
SANIMA,24/12/2024,301,-0.63,306,297,305,"36,105","1,09,43,733.10"
SANIMA,23/12/2024,302.9,1.3,302.9,293.5,299,"71,110","2,10,73,105.80"
SANIMA,22/12/2024,299,-0.37,303.9,294.1,294.1,"43,436","1,29,53,470.00"
SANIMA,19/12/2024,300.1,-1.93,309,300,306,"1,08,839","3,28,23,415.00"
SANIMA,18/12/2024,306,0.62,310,301,304.5,"57,468","1,74,69,023.40"
SANIMA,17/12/2024,304.1,-1.46,310,303.6,305,"45,154","1,38,02,203.70"
SANIMA,16/12/2024,308.6,-0.74,315,304,315,"59,124","1,81,43,350.00"
SANIMA,12/12/2024,310.9,-1.61,322.3,309.3,322.3,"32,942","1,03,07,418.90"
SANIMA,11/12/2024,316,2.76,316,305,313.6,"50,740","1,57,65,133.70"
SANIMA,10/12/2024,307.5,0.16,310,306.9,310,"55,930","1,72,45,873.70"
SANIMA,09/12/2024,307,-0.97,313,304,310,"65,636","2,01,29,670.30"
SANIMA,08/12/2024,310,-1.21,314,308.2,313.8,"68,129","2,11,56,903.60"
SANIMA,05/12/2024,313.8,-0.85,317,310.2,310.2,"99,424","3,13,65,803.00"
SANIMA,04/12/2024,316.5,-0.16,323.3,314.3,323.3,"68,254","2,16,76,813.50"
SANIMA,03/12/2024,317,-0.5,324.9,314.6,324.9,"85,541","2,71,58,547.00"
SANIMA,02/12/2024,318.6,-0.19,325.5,318.1,325.5,"1,16,626","3,72,03,587.90"
SANIMA,01/12/2024,319.2,-1.18,329.4,316.7,329.4,"1,64,678","5,25,03,613.30"
SANIMA,28/11/2024,323,0.94,324,318.1,320,"1,01,408","3,26,00,040.20"
SANIMA,27/11/2024,320,0.63,321.9,318,321.9,"1,00,603","3,21,96,128.10"
SANIMA,26/11/2024,318,0.82,318.9,314.2,315.4,"99,030","3,12,74,737.80"
SANIMA,25/11/2024,315.4,0.48,316,308,308,"1,20,089","3,77,30,688.70"
SANIMA,24/11/2024,313.9,-0.38,320,313,320,"92,588","2,91,10,009.30"
SANIMA,21/11/2024,315.1,-0.91,323,315,323,"1,23,848","3,92,77,577.80"